{"mlp": {"0.0": {"precision": 0.7894736842105263, "recall": 0.9836065573770492, "f1-score": 0.8759124087591241, "support": 61}, "1.0": {"precision": 0.0, "recall": 0.0, "f1-score": 0.0, "support": 12}, "2.0": {"precision": 0.95, "recall": 0.8260869565217391, "f1-score": 0.8837209302325583, "support": 23}, "accuracy": 0.8229166666666666, "macro avg": {"precision": 0.5798245614035088, "recall": 0.603231171299596, "f1-score": 0.5865444463305608, "support": 96}, "weighted avg": {"precision": 0.7292489035087719, "recall": 0.8229166666666666, "f1-score": 0.7682941492672439, "support": 96}}, "svm": {"0.0": {"precision": 0.7866666666666666, "recall": 0.9672131147540983, "f1-score": 0.8676470588235293, "support": 61}, "1.0": {"precision": 0.0, "recall": 0.0, "f1-score": 0.0, "support": 12}, "2.0": {"precision": 0.9047619047619048, "recall": 0.8260869565217391, "f1-score": 0.8636363636363636, "support": 23}, "accuracy": 0.8125, "macro avg": {"precision": 0.5638095238095238, "recall": 0.5977666904252792, "f1-score": 0.5770944741532976, "support": 96}, "weighted avg": {"precision": 0.7166269841269841, "recall": 0.8125, "f1-score": 0.758230280748663, "support": 96}}, "rf": {"0.0": {"precision": 0.7702702702702703, "recall": 0.9344262295081968, "f1-score": 0.8444444444444444, "support": 61}, "1.0": {"precision": 0.0, "recall": 0.0, "f1-score": 0.0, "support": 12}, "2.0": {"precision": 0.9473684210526315, "recall": 0.782608695652174, "f1-score": 0.8571428571428571, "support": 23}, "accuracy": 0.78125, "macro avg": {"precision": 0.5725462304409673, "recall": 0.5723449750534569, "f1-score": 0.5671957671957671, "support": 96}, "weighted avg": {"precision": 0.7164162517780938, "recall": 0.78125, "f1-score": 0.741931216931217, "support": 96}}, "cnn": {"0.0": {"precision": 0.8253968253968254, "recall": 0.8524590163934426, "f1-score": 0.8387096774193549, "support": 61}, "1.0": {"precision": 0.2857142857142857, "recall": 0.3333333333333333, "f1-score": 0.30769230769230765, "support": 12}, "2.0": {"precision": 0.9473684210526315, "recall": 0.782608695652174, "f1-score": 0.8571428571428571, "support": 23}, "accuracy": 0.7708333333333334, "macro avg": {"precision": 0.6861598440545809, "recall": 0.6561336817929834, "f1-score": 0.6678482807515066, "support": 96}, "weighted avg": {"precision": 0.7871588693957116, "recall": 0.7708333333333334, "f1-score": 0.7767487888455631, "support": 96}}, "lstm": {"0.0": {"precision": 0.7763157894736842, "recall": 0.9672131147540983, "f1-score": 0.8613138686131387, "support": 61}, "1.0": {"precision": 0.0, "recall": 0.0, "f1-score": 0.0, "support": 12}, "2.0": {"precision": 0.9, "recall": 0.782608695652174, "f1-score": 0.8372093023255814, "support": 23}, "accuracy": 0.8020833333333334, "macro avg": {"precision": 0.5587719298245614, "recall": 0.5832739368020907, "f1-score": 0.5661743903129067, "support": 96}, "weighted avg": {"precision": 0.70890899122807, "recall": 0.8020833333333334, "f1-score": 0.7478745826967691, "support": 96}}, "gru": {"0.0": {"precision": 0.7792207792207793, "recall": 0.9836065573770492, "f1-score": 0.8695652173913043, "support": 61}, "1.0": {"precision": 0.0, "recall": 0.0, "f1-score": 0.0, "support": 12}, "2.0": {"precision": 0.9473684210526315, "recall": 0.782608695652174, "f1-score": 0.8571428571428571, "support": 23}, "accuracy": 0.8125, "macro avg": {"precision": 0.5755297334244703, "recall": 0.5887384176764078, "f1-score": 0.5755693581780538, "support": 96}, "weighted avg": {"precision": 0.7221035543403964, "recall": 0.8125, "f1-score": 0.7578933747412008, "support": 96}}}